arstechnica	bbctech
cnntech	arstechnica
forbestech	arstechnica
huffposttech	arstechnica
mashable	arstechnica
rww	arstechnica
arstechnica	techmeme
technology	arstechnica
arstechnica	technology
techradar	arstechnica
telegraphtech	arstechnica
arstechnica	wired
forbestech	bbctech
technology	bbctech
telegraphtech	bbctech
cnetnews	cnet
cnet	cnetnews
cnntech	cnet
cnet	cnntech
engadget	cnet
cnet	engadget
gigaom	cnet
gizmodo	cnet
cnet	gizmodo
cnet	huffposttech
cnet	mashable
reuterstech	cnet
cnet	techcrunch
cnet	techmeme
technology	cnet
techrepublic	cnet
cnet	techrepublic
cnet	thenextweb
usatodaytech	cnet
cnet	verge
cnet	wired
zdnet	cnet
cnet	zdnet
cnntech	cnetnews
cnetnews	cnntech
cnetnews	engadget
gigaom	cnetnews
cnetnews	gigaom
cnetnews	gizmodo
huffposttech	cnetnews
cnetnews	huffposttech
mashable	cnetnews
cnetnews	mashable
reuterstech	cnetnews
cnetnews	techcrunch
cnetnews	techmeme
technology	cnetnews
techrepublic	cnetnews
cnetnews	techrepublic
cnetnews	thenextweb
cnetnews	verge
cnetnews	wired
zdnet	cnetnews
cnetnews	zdnet
gigaom	cnntech
cnntech	gigaom
huffposttech	cnntech
mashable	cnntech
cnntech	mashable
reuterstech	cnntech
cnntech	rww
cnntech	techcrunch
cnntech	techmeme
technology	cnntech
cnntech	thenextweb
cnntech	usatodaytech
cnntech	verge
cnntech	wired
gizmodo	engadget
engadget	gizmodo
huffposttech	engadget
engadget	huffposttech
mashable	engadget
engadget	mashable
reuterstech	engadget
techcrunch	engadget
engadget	techcrunch
technology	engadget
techradar	engadget
engadget	thenextweb
usatodaytech	engadget
venturebeat	engadget
engadget	verge
engadget	wired
engadget	wsjtech
forbestech	gigaom
forbestech	gizmodo
guardiantech	forbestech
forbestech	guardiantech
huffposttech	forbestech
forbestech	mashable
reuterstech	forbestech
forbestech	rww
forbestech	techcrunch
forbestech	techmeme
technology	forbestech
techradar	forbestech
forbestech	thenextweb
forbestech	usatodaytech
forbestech	venturebeat
forbestech	wired
forbestech	zdnet
reuterstech	fttechnews
telegraphtech	fttechnews
gigaom	futureshift
guardiantech	futureshift
mashable	futureshift
futureshift	mashable
usatodaytech	futureshift
huffposttech	gigaom
gigaom	huffposttech
mashable	gigaom
gigaom	mashable
reuterstech	gigaom
gigaom	reuterstech
gigaom	techcrunch
technology	gigaom
gigaom	venturebeat
huffposttech	gizmodo
mashable	gizmodo
reuterstech	gizmodo
gizmodo	techcrunch
technology	gizmodo
techradar	gizmodo
gizmodo	verge
gizmodo	wsjtech
huffposttech	guardiantech
mashable	guardiantech
reuterstech	guardiantech
rww	guardiantech
guardiantech	rww
guardiantech	techmeme
technology	guardiantech
mashable	huffposttech
huffposttech	mashable
reuterstech	huffposttech
huffposttech	reuterstech
huffposttech	rww
techcrunch	huffposttech
huffposttech	techcrunch
huffposttech	techmeme
technology	huffposttech
huffposttech	technology
techradar	huffposttech
huffposttech	telegraphtech
huffposttech	thenextweb
huffposttech	usatodaytech
huffposttech	venturebeat
huffposttech	wired
huffposttech	wsjtech
reuterstech	mashable
rww	mashable
mashable	rww
mashable	techmeme
technology	mashable
techradar	mashable
thenextweb	mashable
mashable	thenextweb
usatodaytech	mashable
venturebeat	mashable
mashable	venturebeat
mashable	wired
rww	reuterstech
reuterstech	rww
reuterstech	techcrunch
reuterstech	techmeme
technology	reuterstech
reuterstech	technology
reuterstech	telegraphtech
reuterstech	thenextweb
reuterstech	usatodaytech
reuterstech	venturebeat
reuterstech	verge
reuterstech	wired
reuterstech	wsjtech
rww	techcrunch
rww	techmeme
rww	thenextweb
venturebeat	rww
rww	wired
techcrunch	techmeme
technology	techcrunch
techradar	techcrunch
techrepublic	techmeme
zdnet	techmeme
technology	usatodaytech
technology	venturebeat
technology	verge
technology	wired
technology	wsjtech
techradar	wired
techradar	wsjtech
zdnet	techrepublic
techrepublic	zdnet
telegraphtech	wired
usatodaytech	verge
usatodaytech	wsjtech
venturebeat	verge
